{"meta": {"software": "slipcover", "version": "1.0.16", "timestamp": "2024-12-23T22:39:09.949797", "branch_coverage": false, "show_contexts": false}, "files": {"db\\pytest_execute_env\\1306e406-ad15-4450-81bf-1b43fe9a0703.py": {"executed_lines": [4, 6, 8, 9, 10, 11, 12, 13, 14, 15, 16, 19, 20, 21, 22, 23, 24, 25, 28, 29, 30, 31, 32, 33, 34, 35, 38, 39, 40, 41, 42, 43, 44, 47, 48, 49, 50, 51], "missing_lines": [52, 53, 54], "summary": {"covered_lines": 38, "missing_lines": 3, "percent_covered": 92.6829268292683}}, "db\\pytest_execute_env\\user_repo\\__init__.py": {"executed_lines": [1], "missing_lines": [], "summary": {"covered_lines": 1, "missing_lines": 0, "percent_covered": 100.0}}, "db\\pytest_execute_env\\user_repo\\implements\\__init__.py": {"executed_lines": [1], "missing_lines": [], "summary": {"covered_lines": 1, "missing_lines": 0, "percent_covered": 100.0}}, "db\\pytest_execute_env\\user_repo\\implements\\correct_implement.py": {"executed_lines": [1, 2, 3, 4, 5, 6, 7, 8, 9, 11, 12, 13, 15, 16, 17, 18, 21, 22, 23, 24, 26, 27, 29, 30, 32, 33, 34, 36, 41, 42, 43, 44, 45, 46, 47, 48, 49, 51, 52, 53, 55, 56, 57, 59, 60, 61, 63, 64, 65, 67, 68, 69, 70, 71, 72, 74, 75, 76, 77, 78, 80, 81, 82, 84, 85, 86, 88, 89, 90, 92, 94, 95, 98, 99, 100, 103, 104, 105, 106, 107, 108, 109, 110, 111, 113, 114, 115, 117, 118, 119, 120, 121, 123, 124, 125, 126, 127, 128, 129, 130, 131, 132, 133, 134, 136, 137, 138, 140, 143, 144, 145, 146, 147, 148, 149, 150, 151, 153, 154, 155, 157, 158, 159, 161, 162, 163, 164, 165, 166, 168, 169, 171, 172, 174, 175, 176], "missing_lines": [19, 58, 96, 97], "summary": {"covered_lines": 136, "missing_lines": 4, "percent_covered": 97.14285714285714}}}, "summary": {"covered_lines": 176, "missing_lines": 7, "percent_covered": 96.17486338797814}}
